,city,cloudiness,country,date,humidity,lat,long,max temp,wind speed
0,portland,90,US,1588465282,81,45.52,-122.68,55.99,10.29
1,ushuaia,5,AR,1588465300,75,-54.8,-68.3,42.8,16.11
2,la paz,75,BO,1588465650,53,-16.5,-68.15,50.0,8.05
3,saskylakh,100,RU,1588465935,94,71.92,114.08,18.16,6.29
4,mataura,78,NZ,1588465935,61,-46.19,168.86,60.35,3.89
5,bathsheba,75,BB,1588465935,78,13.22,-59.52,80.6,19.46
6,upernavik,100,GL,1588465936,98,72.79,-56.15,24.17,16.93
7,khatanga,84,RU,1588465936,96,71.97,102.5,18.05,3.09
8,rikitea,60,PF,1588465506,73,-23.12,-134.97,76.96,12.03
9,cape town,75,ZA,1588465815,100,-33.93,18.42,62.01,9.17
10,flin flon,75,CA,1588465655,65,54.77,-101.86,35.6,6.93
11,punta arenas,75,CL,1588465816,81,-53.15,-70.92,44.6,6.93
12,les cayes,10,HT,1588465937,78,18.2,-73.75,77.32,3.15
13,castro,3,BR,1588465937,51,-24.79,-50.01,55.27,5.91
14,atuona,85,PF,1588465524,78,-9.8,-139.03,81.99,21.05
15,mar del plata,91,AR,1588465304,87,-38.0,-57.56,61.0,6.93
16,bredasdorp,78,ZA,1588465519,82,-34.53,20.04,64.4,6.93
17,airai,41,TL,1588465510,62,-8.93,125.41,64.98,4.43
18,bambous virieux,75,MU,1588465519,83,-20.34,57.76,75.2,10.29
19,kapaa,1,US,1588465507,58,22.08,-159.32,82.4,18.34
20,albany,92,US,1588465365,43,42.6,-73.97,66.0,4.54
21,bakchar,100,RU,1588465938,59,57.02,82.07,51.12,14.36
22,busselton,1,AU,1588465512,28,-33.65,115.33,66.0,12.82
23,madison,1,US,1588465801,47,34.73,-86.57,79.0,8.05
24,longyearbyen,20,SJ,1588465528,61,78.22,15.64,17.6,10.29
25,tromso,58,NO,1588465851,74,69.65,18.96,37.4,14.99
26,constantine,81,DZ,1588465939,87,36.37,6.61,53.6,3.36
27,bethel,1,US,1588465513,29,41.37,-73.41,66.2,5.82
28,cabo san lucas,75,MX,1588465509,47,22.89,-109.91,89.01,6.93
29,hilo,40,US,1588465513,54,19.73,-155.09,82.4,9.17
30,boa vista,20,BR,1588465571,62,2.82,-60.67,86.0,4.7
31,bandarbeyla,38,SO,1588465569,77,9.49,50.81,84.07,10.49
32,caravelas,0,BR,1588465514,84,-17.71,-39.25,74.93,3.31
33,san patricio,5,MX,1588465579,74,19.22,-104.7,86.0,11.41
34,hobart,75,AU,1588465509,53,-42.88,147.33,52.0,10.29
35,atambua,77,ID,1588465541,68,-9.11,124.89,77.54,7.02
36,kodiak,20,US,1588465515,37,57.79,-152.41,55.4,13.87
37,vila velha,0,BR,1588465571,88,-20.33,-40.29,75.2,3.36
38,nanakuli,90,US,1588465667,57,21.39,-158.15,82.4,12.75
39,nikolskoye,96,RU,1588465514,57,59.7,30.79,50.0,8.95
40,saint anthony,1,US,1588465505,22,45.02,-93.22,70.0,17.22
41,yerbogachen,99,RU,1588465821,50,61.28,108.01,42.15,10.58
42,rosamorada,86,MX,1588465941,44,22.12,-105.21,82.02,6.11
43,port alfred,3,ZA,1588465590,85,-33.59,26.89,64.0,4.0
44,hermanus,94,ZA,1588465589,95,-34.42,19.23,61.0,5.01
45,springdale,1,US,1588465941,54,36.19,-94.13,82.4,12.75
46,esperance,0,AU,1588465508,58,-33.87,121.9,57.2,18.34
47,tuktoyaktuk,90,CA,1588465508,78,69.45,-133.04,12.2,19.46
48,nouakchott,0,MR,1588465941,77,18.09,-15.98,69.8,11.41
49,igarka,100,RU,1588465942,97,67.47,86.58,29.19,8.79
50,avarua,100,CK,1588465429,83,-21.21,-159.78,78.8,16.11
51,victoria,31,HK,1588465306,74,22.29,114.16,81.0,10.0
52,gao,0,ML,1588465942,11,16.64,1.64,87.57,10.92
53,itarema,22,BR,1588465942,89,-2.92,-39.92,77.95,7.58
54,kahului,40,US,1588465533,54,20.89,-156.47,84.2,27.51
55,bedesa,100,ET,1588465943,47,8.9,40.78,63.54,0.51
56,sistranda,75,NO,1588465943,93,63.73,8.83,41.0,16.11
57,amapa,100,BR,1588465943,94,1.0,-52.0,73.98,1.86
58,dhidhdhoo,9,MV,1588465583,74,6.88,73.1,85.1,12.8
59,ejea de los caballeros,96,ES,1588465943,82,42.13,-1.14,57.2,2.24
60,bluff,55,NZ,1588465510,70,-46.6,168.33,56.34,9.75
61,alexandria,0,EG,1588465912,80,31.22,29.96,62.58,1.48
62,thompson,75,CA,1588465604,89,55.74,-97.86,32.0,14.99
63,luderitz,0,NA,1588465535,59,-26.65,15.16,64.51,11.83
64,georgetown,20,MY,1588465526,94,5.41,100.34,80.6,5.82
65,saldanha,94,ZA,1588465339,93,-33.01,17.94,60.8,5.82
66,torbay,90,CA,1588465571,100,47.67,-52.73,48.0,31.09
67,kamenka,0,RU,1588465945,84,51.32,42.77,51.84,11.39
68,amli,0,IN,1588465945,90,20.28,73.02,77.0,2.3
69,viedma,100,AR,1588465659,67,-40.81,-63.0,56.98,10.85
70,chuy,52,UY,1588465508,78,-33.7,-53.46,55.99,5.95
71,voi,28,KE,1588465947,72,-3.39,38.56,69.67,5.68
72,vaini,20,TO,1588465507,69,-21.2,-175.2,82.4,9.17
73,port lincoln,69,AU,1588465522,68,-34.73,135.87,59.04,3.29
74,acaponeta,97,MX,1588465948,38,22.5,-105.36,83.46,4.83
75,east london,0,ZA,1588465523,76,-33.02,27.91,66.42,14.72
76,arraial do cabo,70,BR,1588465524,84,-22.97,-42.03,73.24,19.08
77,thanyaburi,20,TH,1588465949,83,14.02,100.73,87.01,5.82
78,mareeba,40,AU,1588465949,57,-17.0,145.43,80.6,21.92
79,kuytun,0,RU,1588465949,46,54.34,101.5,49.12,14.56
80,palmas,32,BR,1588465949,78,-10.21,-48.36,78.8,5.82
81,vardo,63,NO,1588465534,69,70.37,31.11,37.4,17.22
82,ishigaki,75,JP,1588465873,94,24.34,124.16,80.6,17.22
83,ponta do sol,40,PT,1588465527,77,32.67,-17.1,66.2,11.41
84,provideniya,54,RU,1588465518,81,64.38,-173.3,34.56,3.4
85,jiwani,0,PK,1588465950,73,25.05,61.74,83.46,8.12
86,acajutla,26,SV,1588465800,91,13.59,-89.83,75.99,3.0
87,toamasina,20,MG,1588465950,100,-18.17,49.38,68.0,4.76
88,ugoofaaru,0,MV,1588465951,75,5.67,73.0,85.1,12.82
89,barrow,90,US,1588465523,73,71.29,-156.79,19.4,4.7
90,salamanca,95,ES,1588465791,87,40.83,-6.0,54.0,2.82
91,zhigansk,0,RU,1588465532,94,66.77,123.37,22.26,6.71
92,korla,19,CN,1588465891,60,41.76,86.15,70.0,1.99
93,puerto ayora,40,EC,1588465511,74,-0.74,-90.35,80.6,12.75
94,alice springs,0,AU,1588465951,58,-23.7,133.88,59.0,16.11
95,kokstad,0,ZA,1588465952,30,-30.55,29.42,49.93,5.23
96,ilulissat,100,GL,1588465525,93,69.22,-51.1,32.0,3.36
97,kirando,64,TZ,1588465952,61,-7.42,30.6,71.82,5.41
98,domoni,78,KM,1588465952,78,-12.26,44.53,79.52,11.48
99,biloela,10,AU,1588465952,35,-24.42,150.5,69.03,14.56
100,tasiilaq,100,GL,1588465525,74,65.61,-37.64,33.8,1.12
101,nyurba,0,RU,1588465953,70,63.28,118.33,36.3,1.77
102,ancud,90,CL,1588465953,100,-41.87,-73.82,53.01,12.75
103,clyde river,90,CA,1588465523,78,70.47,-68.59,10.4,18.34
104,pacific grove,40,US,1588465842,64,36.62,-121.92,68.0,10.29
105,tessalit,0,ML,1588465509,13,20.2,1.01,80.82,6.67
106,atyrau,100,KZ,1588465772,29,47.12,51.88,59.0,8.95
107,kismayo,96,SO,1588465888,81,-0.36,42.55,80.8,14.27
108,xining,0,CN,1588465863,12,36.62,101.77,63.41,2.82
109,santa ana,20,US,1588465752,50,33.75,-117.87,79.0,8.05
110,souillac,75,MU,1588465512,83,-20.52,57.52,75.2,10.29
111,norman wells,90,CA,1588465527,69,65.28,-126.83,35.6,18.34
112,codrington,100,AU,1588465517,72,-38.27,141.97,52.86,12.28
113,new norfolk,91,AU,1588465504,71,-42.78,147.06,52.0,3.0
114,port elizabeth,28,ZA,1588465526,77,-33.92,25.57,66.2,17.22
115,qaanaaq,9,GL,1588465504,88,77.48,-69.36,16.9,1.66
116,butaritari,64,KI,1588465508,81,3.07,172.79,83.32,17.29
117,manga,60,BF,1588465956,33,11.66,-1.07,91.54,12.01
118,kenai,1,US,1588465578,26,60.55,-151.26,55.4,16.11
119,kandi,3,BJ,1588465956,50,11.13,2.94,85.82,11.03
120,carnarvon,40,AU,1588465304,100,-24.87,113.63,68.0,4.7
121,maputo,0,MZ,1588465956,93,-25.97,32.59,66.99,5.82
122,gaya,0,IN,1588465957,88,24.78,85.0,71.6,5.21
123,nicosia,20,CY,1588465749,93,35.17,33.37,55.4,4.65
124,catamarca,99,AR,1588465957,55,-28.47,-65.79,64.17,15.73
125,laguna,1,US,1588465539,46,38.42,-121.42,73.4,13.87
126,xiaoshi,75,CN,1588465957,64,41.3,124.12,68.0,8.95
127,dikson,9,RU,1588465532,94,73.51,80.55,11.3,8.86
128,neka,90,IR,1588465957,77,36.65,53.3,66.2,11.41
129,porto torres,17,IT,1588465958,68,40.84,8.4,68.0,10.29
130,pisco,5,PE,1588465554,77,-13.7,-76.22,68.0,13.87
131,birsk,0,RU,1588465958,81,55.42,55.54,34.9,4.45
132,cortez,1,US,1588465958,10,37.35,-108.59,78.8,13.87
133,sao filipe,0,CV,1588465510,56,14.9,-24.5,77.68,10.04
134,tiznit,0,MA,1588465883,20,29.58,-9.5,78.53,4.23
135,alofi,14,NU,1588465580,74,-19.06,-169.92,82.4,11.41
136,dwarka,91,IN,1588465959,84,22.24,68.97,80.76,12.86
137,sibolga,100,ID,1588465876,77,1.74,98.78,80.51,2.1
138,parrita,40,CR,1588465959,73,9.52,-84.32,75.2,12.75
139,fairbanks,1,US,1588465285,23,64.84,-147.72,52.0,8.05
140,fort pierce,1,US,1588465682,73,27.45,-80.33,75.0,3.36
141,taltal,99,CL,1588465544,80,-25.4,-70.48,61.34,4.72
142,cabedelo,75,BR,1588465872,94,-6.98,-34.83,77.0,3.36
143,katsuura,71,JP,1588465538,64,35.13,140.3,75.0,16.11
144,kaitangata,60,NZ,1588465528,58,-46.28,169.85,61.14,6.15
145,mahebourg,75,MU,1588465588,83,-20.41,57.7,75.2,10.29
146,nanhai,0,CN,1588465960,72,30.13,111.78,75.0,3.44
147,chapleau,75,CA,1588465960,93,47.84,-83.4,42.8,7.61
148,te anau,76,NZ,1588465522,84,-45.42,167.72,52.27,5.17
149,cukai,20,MY,1588465961,94,4.25,103.42,80.6,3.36
150,oriximina,100,BR,1588465961,92,-1.77,-55.87,77.32,4.7
151,maniitsoq,100,GL,1588465835,96,65.42,-52.9,32.86,16.26
152,luanda,75,AO,1588465866,88,-8.84,13.23,80.6,3.36
153,prince rupert,90,CA,1588465834,86,54.32,-130.32,48.2,8.05
154,dingle,46,PH,1588465534,65,11.0,122.67,86.83,9.57
155,mount isa,20,AU,1588465671,28,-20.73,139.5,68.0,16.11
156,auki,99,SB,1588465583,68,-8.77,160.7,86.72,2.04
157,lensk,89,RU,1588465891,56,60.73,114.93,41.61,9.06
158,coahuayana,5,MX,1588465562,28,18.73,-103.68,84.2,11.41
159,charters towers,13,AU,1588465573,24,-20.1,146.27,68.85,12.39
160,cidreira,36,BR,1588465550,79,-30.18,-50.21,61.66,8.86
161,mapiripan,100,CO,1588465962,90,2.89,-72.13,74.84,5.93
162,altamont,90,US,1588465962,81,42.21,-121.74,50.0,16.11
163,darnah,0,LY,1588465963,60,32.77,22.64,65.62,18.84
164,baculin,100,PH,1588465963,73,7.45,126.58,83.48,0.98
165,linhai,22,CN,1588465963,72,28.85,121.12,81.0,2.17
166,chokurdakh,32,RU,1588465590,95,70.63,147.92,12.97,3.4
167,mlonggo,20,ID,1588465963,83,-6.53,110.7,78.8,3.36
168,pevek,0,RU,1588465542,91,69.7,170.31,29.44,6.11
169,coquimbo,90,CL,1588465524,82,-29.95,-71.34,57.2,2.24
170,oksfjord,75,NO,1588465964,74,70.24,22.35,37.4,16.11
171,namibe,0,AO,1588465509,69,-15.2,12.15,76.48,4.36
172,asfi,0,MA,1588465556,49,32.3,-9.24,77.45,7.58
173,salalah,75,OM,1588465527,89,17.02,54.09,84.2,4.7
174,biltine,39,TD,1588465964,13,14.53,20.92,83.52,8.32
175,yabrud,57,SY,1588465964,71,33.97,36.66,50.0,9.17
176,stornoway,0,GB,1588465964,75,58.21,-6.39,39.0,3.36
177,bonthe,100,SL,1588465964,90,7.53,-12.51,80.28,5.48
178,yellowknife,20,CA,1588465511,75,62.46,-114.35,45.0,9.17
179,jamestown,90,US,1588465511,45,42.1,-79.24,62.6,11.41
180,praia da vitoria,75,PT,1588465346,93,38.73,-27.07,53.6,8.84
181,takaka,0,NZ,1588465965,92,-40.85,172.8,64.0,8.99
182,beidao,0,CN,1588465965,29,34.57,105.89,73.4,3.44
183,the valley,20,AI,1588465557,74,18.22,-63.06,81.0,8.05
184,merauke,99,ID,1588465860,81,-8.47,140.33,82.42,5.23
185,port-gentil,75,GA,1588465578,88,-0.72,8.78,82.4,9.17
186,mokolo,10,CM,1588465966,46,10.74,13.8,77.31,3.02
187,nizwa,34,OM,1588465966,45,22.93,57.53,79.88,1.41
188,camana,100,PE,1588465966,74,-16.62,-72.71,68.72,8.5
189,juneau,90,US,1588465587,41,58.3,-134.42,59.0,6.93
190,santa cruz,40,BO,1588465524,83,-17.8,-63.17,71.6,4.7
191,mega,100,ET,1588465966,62,4.05,38.3,58.62,3.6
192,guerrero negro,1,MX,1588465576,58,27.98,-114.06,70.36,18.07
193,daman,0,IN,1588465966,79,20.42,72.85,80.71,2.15
194,calvinia,0,ZA,1588465967,27,-31.47,19.78,54.72,3.38
195,grand gaube,74,MU,1588465548,88,-20.01,57.66,73.0,7.0
196,svetlogorsk,100,BY,1588465967,91,52.63,29.73,51.1,3.2
197,kavaratti,70,IN,1588465531,77,10.57,72.64,84.87,12.17
198,pangody,100,RU,1588465967,98,65.85,74.49,28.06,4.74
199,ambilobe,69,MG,1588465586,84,-13.2,49.05,72.37,2.91
200,lavrentiya,0,RU,1588465527,94,65.58,-171.0,32.07,0.58
201,hidiselu de sus,100,RO,1588465968,93,46.95,22.05,54.0,9.17
202,sao joao da barra,24,BR,1588465551,85,-21.64,-41.05,72.77,7.34
203,ahipara,100,NZ,1588465968,92,-35.17,173.17,65.82,15.75
204,alcoentre,88,PT,1588465968,80,39.21,-8.96,59.0,5.99
205,constitucion,100,CL,1588465522,87,-35.33,-72.42,58.57,6.62
206,rio grande,7,BR,1588465672,92,-32.03,-52.1,52.0,10.2
207,saint george,1,US,1588465317,10,37.1,-113.58,87.8,14.99
208,buala,100,SB,1588465826,72,-8.14,159.59,86.09,8.43
209,san juan,0,AR,1588465733,42,-31.54,-68.54,67.03,3.27
210,nome,1,US,1588465555,70,64.5,-165.41,46.0,4.7
211,kharan,0,PK,1588465969,29,28.58,65.42,78.33,2.75
212,petropavlovsk-kamchatskiy,90,RU,1588465524,100,53.05,158.65,35.6,11.18
213,hithadhoo,100,MV,1588465522,74,-0.6,73.08,85.33,14.94
214,semey,96,KZ,1588465970,80,50.41,80.23,39.2,2.24
215,necochea,94,AR,1588465552,93,-38.55,-58.74,54.0,8.01
216,jaisalmer,0,IN,1588465970,41,26.91,70.92,84.65,15.41
217,vostok,100,RU,1588465534,40,46.49,135.88,45.41,3.94
218,nanortalik,100,GL,1588465507,86,60.14,-45.24,36.93,23.06
219,sumbawanga,19,TZ,1588465971,57,-7.97,31.62,56.97,3.74
220,tiksi,2,RU,1588465350,91,71.69,128.87,11.25,4.88
221,ewa beach,75,US,1588465971,51,21.32,-158.01,82.4,16.11
222,lukoyanov,27,RU,1588465971,74,55.03,44.48,36.91,9.44
223,vanimo,70,PG,1588465520,59,-2.67,141.3,88.05,1.25
224,isangel,75,VU,1588465510,79,-19.55,169.27,84.2,9.17
225,bulgan,31,MN,1588465883,24,48.81,103.53,53.98,4.38
226,malumfashi,59,NG,1588465972,42,11.79,7.62,81.64,14.63
227,zhaotong,86,CN,1588465910,34,27.32,103.72,66.6,4.63
228,naze,75,JP,1588465572,94,28.37,129.48,73.4,13.87
229,nalut,0,LY,1588465972,25,30.33,10.85,70.88,16.8
230,kushiro,75,JP,1588465972,49,42.98,144.37,73.4,1.12
231,nombre de dios,100,MX,1588465972,35,23.85,-104.23,75.0,18.99
232,barberton,0,ZA,1588465973,82,-25.79,31.05,64.4,4.7
233,lata,93,PT,1588465568,93,40.16,-8.33,61.0,2.24
234,ilhabela,90,BR,1588465973,81,-23.78,-45.36,69.21,8.95
235,husavik,0,IS,1588465826,87,66.04,-17.34,32.0,16.11
236,abu dhabi,2,AE,1588465551,51,24.47,54.37,87.8,2.24
237,kavieng,97,PG,1588465510,70,-2.57,150.8,84.29,2.3
238,kruisfontein,33,ZA,1588465507,76,-34.0,24.73,62.2,12.26
239,evensk,0,RU,1588465563,93,61.95,159.23,30.74,14.45
240,dvinskoy,98,RU,1588465876,97,62.15,45.12,29.26,3.74
241,waipawa,100,NZ,1588465545,88,-41.41,175.52,64.4,27.51
242,san quintin,3,MX,1588465548,63,30.48,-115.95,68.86,18.97
243,saint-philippe,62,RE,1588465536,68,-21.36,55.77,73.4,5.82
244,puri,75,IN,1588465582,88,19.8,85.85,82.4,14.16
245,iqaluit,90,CA,1588465429,85,63.75,-68.51,17.6,32.21
246,ilo,100,PE,1588465974,77,-17.64,-71.34,67.01,7.09
247,priyutnoye,99,RU,1588465974,87,46.1,43.51,57.0,8.99
248,gunjur,0,GM,1588465975,88,13.2,-16.73,73.4,6.93
249,kiruna,100,SE,1588465822,83,67.86,20.23,32.0,4.7
250,namatanai,100,PG,1588465836,86,-3.67,152.43,80.04,13.62
251,batagay-alyta,20,RU,1588465855,84,67.8,130.41,16.83,1.9
252,gushikawa,90,JP,1588465975,88,26.35,127.87,80.6,11.41
253,gamba,83,GA,1588465573,92,-2.65,10.0,78.01,7.23
254,najran,61,SA,1588465840,35,17.49,44.13,84.2,6.35
255,wattegama,0,LK,1588465975,85,6.8,81.48,77.7,1.86
256,srednekolymsk,100,RU,1588465511,96,67.45,153.68,32.54,8.14
257,zhaoyang,24,CN,1588465976,53,42.68,126.03,68.22,7.99
258,mae sai,75,TH,1588465976,100,20.43,99.88,73.4,2.24
259,hasaki,75,JP,1588465504,64,35.73,140.83,75.0,9.17
260,teluk nibung,100,ID,1588465976,91,3.0,99.82,78.96,4.29
261,fayaoue,13,NC,1588465581,78,-20.65,166.53,78.48,4.45
262,gat,0,IL,1588465847,38,31.61,34.76,57.99,1.32
263,kalabo,0,ZM,1588465528,42,-14.97,22.68,63.63,3.22
264,lorengau,99,PG,1588465518,79,-2.02,147.27,83.55,2.13
265,avera,1,US,1588465525,47,33.19,-82.53,75.2,4.74
266,sorochinsk,0,RU,1588465977,73,52.43,53.16,40.21,7.78
267,loubomo,59,CG,1588465977,87,-4.2,12.67,73.85,2.46
268,sydney,20,AU,1588465843,44,-33.87,151.21,61.0,17.22
269,loding,75,NO,1588465978,88,67.3,14.75,39.2,8.05
270,hare bay,90,CA,1588465978,93,48.85,-54.01,48.2,19.46
271,banjar,75,ID,1588465978,94,-8.19,114.97,80.6,2.24
272,altay,24,CN,1588465978,21,47.87,88.12,62.11,1.92
273,goiatuba,0,BR,1588465978,65,-18.01,-49.35,64.09,1.36
274,trairi,67,BR,1588465739,92,-3.28,-39.27,77.18,6.11
275,inongo,100,CD,1588465979,83,-1.95,18.27,72.75,5.3
276,damghan,100,IR,1588465979,41,36.17,54.35,59.41,7.72
277,grindavik,0,IS,1588465528,59,63.84,-22.43,33.8,11.41
278,annemasse,75,FR,1588465979,93,46.19,6.24,51.8,2.24
279,tuatapere,83,NZ,1588465541,86,-46.13,167.68,53.31,4.99
280,mehamn,61,NO,1588465578,94,71.04,27.85,32.34,8.86
281,broome,90,US,1588465823,41,42.25,-75.83,62.01,3.36
282,narsaq,100,GL,1588465513,90,60.92,-46.05,33.8,1.12
283,marawi,100,PH,1588465554,71,8.0,124.29,80.01,4.0
284,rawson,59,AR,1588465521,52,-43.3,-65.1,61.99,23.67
285,hue,20,VN,1588465980,88,16.47,107.6,78.8,2.24
286,papara,29,BR,1588465980,83,-3.98,-38.73,82.0,5.82
287,coruripe,94,BR,1588465981,83,-10.13,-36.18,77.81,7.11
288,severo-kurilsk,100,RU,1588465507,92,50.68,156.12,40.03,14.81
289,hamilton,40,US,1588465477,53,39.18,-84.53,79.0,10.29
290,shihezi,2,CN,1588465981,20,44.3,86.03,68.65,4.76
291,chernyshevskiy,61,RU,1588465553,83,63.01,112.47,30.61,4.05
292,coelho neto,0,BR,1588465981,94,-4.26,-43.01,74.77,1.54
293,mariakani,100,KE,1588465981,83,-3.86,39.47,73.29,9.28
294,kattivakkam,20,IN,1588465982,83,13.22,80.32,84.2,13.31
295,emirdag,100,TR,1588465982,51,39.02,31.15,53.74,7.07
296,lasa,40,IT,1588465511,86,46.62,10.7,39.2,8.05
297,mollendo,100,PE,1588465982,78,-17.02,-72.01,66.11,7.49
298,isetskoye,0,RU,1588465982,82,56.49,65.32,35.87,6.64
299,harunabad,15,PK,1588465982,37,29.61,73.14,83.17,6.49
300,kualakapuas,100,ID,1588465983,95,-3.01,114.39,76.32,1.79
301,galesong,20,ID,1588465983,83,-5.32,119.37,82.4,4.7
302,labuan,75,MY,1588465332,79,5.28,115.24,84.2,3.36
303,talas,40,TR,1588465983,93,38.69,35.55,44.6,1.12
304,hangu,90,CN,1588465983,93,39.25,117.79,64.0,8.95
305,chota,61,PE,1588465983,43,-6.55,-78.65,55.96,4.38
306,tutoia,14,BR,1588465984,89,-2.76,-42.27,78.66,7.52
307,sao jose da coroa grande,79,BR,1588465539,83,-8.9,-35.15,78.33,6.93
308,guangyuan,0,CN,1588465984,57,32.44,105.82,70.0,1.12
309,winneba,40,GH,1588465984,83,5.35,-0.62,84.2,11.41
310,andenes,100,NO,1588465984,86,69.31,16.12,33.8,2.24
311,bintulu,75,MY,1588465984,94,3.17,113.03,77.0,6.93
312,sonta,98,RS,1588465984,93,45.59,19.1,50.0,9.17
313,rocha,3,UY,1588465567,89,-34.48,-54.33,52.61,3.06
314,bria,6,CF,1588465985,67,6.54,21.99,72.21,3.2
315,abu samrah,1,SY,1588465542,73,35.3,37.18,55.94,8.97
316,glace bay,90,CA,1588465985,100,46.2,-59.96,43.0,16.11
317,siemiatycze,0,PL,1588465985,85,52.43,22.86,45.19,4.29
318,watsa,49,CD,1588465985,73,3.04,29.54,62.28,1.9
319,severodvinsk,99,RU,1588465811,59,64.56,39.83,35.6,4.47
320,potsdam,84,DE,1588465846,100,52.4,13.07,48.0,3.0
321,talnakh,15,RU,1588465533,49,69.49,88.4,26.6,8.95
322,zamora,100,EC,1588465986,55,-4.07,-78.96,68.52,0.13
323,siparia,20,TT,1588465986,74,10.13,-61.5,82.4,11.41
324,lebu,100,CL,1588465548,88,-37.62,-73.65,55.17,2.8
325,pilar,63,BR,1588465553,94,-9.6,-35.96,75.2,2.24
326,palmira,75,CO,1588465942,83,3.54,-76.3,73.4,3.36
327,yarmouth,1,US,1588465830,62,41.71,-70.23,55.4,4.7
328,jalingo,92,NG,1588465987,64,8.88,11.37,82.13,4.09
329,araouane,0,ML,1588465521,11,18.9,-3.53,85.86,8.43
330,briceni,24,MD,1588465987,93,48.36,27.7,52.0,4.59
331,kangaba,0,ML,1588465987,35,11.93,-8.42,89.08,9.15
332,paracuru,54,BR,1588465987,76,-3.41,-39.03,81.0,1.01
333,sarahan,10,IN,1588465987,31,31.52,77.8,51.85,5.48
334,lagoa,65,PT,1588465559,65,39.05,-27.98,58.35,10.25
335,acarau,0,BR,1588465988,88,-2.89,-40.12,78.66,8.34
336,szentendre,0,HU,1588465988,67,47.67,19.08,54.0,13.0
337,teya,100,RU,1588465988,82,60.38,92.63,39.67,6.2
338,klamath falls,90,US,1588465988,81,42.22,-121.78,50.0,16.11
339,baykit,99,RU,1588465925,55,61.67,96.37,44.47,1.23
340,geraldton,30,AU,1588465543,32,-28.77,114.6,68.0,11.41
341,port blair,100,IN,1588465845,72,11.67,92.75,83.86,3.76
342,leningradskiy,45,RU,1588465549,91,69.38,178.42,29.39,1.52
343,fare,46,PF,1588465507,76,-16.7,-151.02,82.8,14.56
344,radom,0,PL,1588465989,84,51.4,21.15,48.99,5.01
345,fukagawa,75,JP,1588465989,63,43.71,142.04,66.2,2.24
346,cockburn town,6,TC,1588465683,82,21.46,-71.14,80.33,13.62
347,shuangcheng,75,CN,1588465989,75,45.35,126.28,48.0,20.13
348,faanui,58,PF,1588465541,78,-16.48,-151.75,82.22,16.55
349,ixtapa,5,MX,1588465506,78,20.7,-105.2,80.6,13.87
350,frontera,29,MX,1588465748,21,26.93,-101.45,96.01,4.0
351,forbes,57,AU,1588465990,81,-33.38,148.02,51.01,1.99
352,tabas,25,IR,1588465990,37,33.6,56.92,69.8,4.7
353,yar-sale,100,RU,1588465564,97,66.83,70.83,23.13,8.88
354,taganak,20,PH,1588465990,79,6.08,118.3,84.2,3.36
355,challans,100,FR,1588465991,91,46.84,-1.87,57.99,3.0
356,novopavlovka,81,RU,1588465991,46,51.22,109.21,47.73,5.75
357,kathu,40,TH,1588465991,94,7.92,98.33,78.8,4.7
358,kalmunai,21,LK,1588465548,81,7.42,81.82,81.18,2.48
359,phalodi,8,IN,1588465991,39,27.13,72.37,86.2,11.01
360,mutsu,75,JP,1588465991,82,41.29,141.22,75.2,8.05
361,udachnyy,57,RU,1588465519,49,66.42,112.4,26.6,4.47
362,ahome,20,MX,1588465540,17,25.92,-109.18,90.0,10.29
363,axim,36,GH,1588465868,88,4.87,-2.24,80.96,5.84
364,zlobin,14,HR,1588465992,90,45.29,14.65,55.0,1.99
365,bengkulu,96,ID,1588465513,87,-3.8,102.27,76.75,7.52
366,kirkwall,15,GB,1588465864,86,58.98,-2.96,37.4,3.36
367,konstantinovka,100,RU,1588465993,53,49.62,127.98,42.35,13.15
368,faya,26,SA,1588465529,87,18.39,42.45,60.8,3.27
369,cayenne,90,GF,1588465529,94,4.93,-52.33,77.0,10.0
370,coos bay,20,US,1588465696,76,43.37,-124.22,55.4,10.29
371,gobabis,0,NA,1588465885,19,-22.45,18.97,59.58,7.92
372,ganzhou,0,CN,1588465994,61,28.82,115.43,82.63,4.05
373,sal rei,75,CV,1588465994,88,16.18,-22.92,71.6,16.11
374,pandan,100,PH,1588465994,73,14.05,124.17,85.62,11.92
375,solnechnyy,0,RU,1588465556,41,50.72,136.63,47.64,8.25
376,bambanglipuro,100,ID,1588465994,74,-7.95,110.28,81.5,5.28
377,chara,58,RU,1588465995,57,56.91,118.26,31.42,2.48
378,assiniboia,34,CA,1588465995,23,49.63,-105.98,63.34,5.3
379,la libertad,87,EC,1588465995,78,-2.23,-80.9,78.8,9.17
380,conde,75,BR,1588465881,94,-7.26,-34.91,77.0,3.36
381,sindor,2,RU,1588465995,97,62.86,51.89,24.46,3.87
382,pokrovka,100,KG,1588465995,32,42.34,78.01,51.28,3.29
383,ponta delgada,20,PT,1588465995,82,37.73,-25.67,55.4,4.7
384,santa rosa,75,PH,1588465540,66,14.31,121.11,87.01,2.24
385,lumsden,20,CA,1588465996,27,50.65,-104.87,62.6,13.87
386,paamiut,100,GL,1588465519,86,61.99,-49.67,35.55,51.45
387,preobrazheniye,12,RU,1588465996,68,42.9,133.91,59.95,9.84
388,makakilo city,90,US,1588465570,57,21.35,-158.09,82.4,12.75
389,la ronge,90,CA,1588465827,69,55.1,-105.28,39.2,6.93
390,krasnoselkup,100,RU,1588465873,98,65.7,82.47,33.64,7.38
391,wexford,98,IE,1588465997,84,52.33,-6.46,48.99,6.26
392,leiyang,0,CN,1588465997,73,26.4,112.86,81.21,5.32
393,cap malheureux,27,MU,1588465885,88,-19.98,57.61,73.0,5.99
394,kalulushi,0,ZM,1588465997,64,-12.84,28.09,59.25,3.74
395,isla vista,1,US,1588465997,26,34.41,-119.86,84.2,19.46
396,hualmay,31,PE,1588465869,82,-11.1,-77.61,68.25,8.28
397,robertsport,77,LR,1588465998,84,6.75,-11.37,81.55,7.05
398,uyuni,53,BO,1588465998,13,-20.46,-66.83,52.03,4.63
399,half moon bay,75,US,1588465998,63,37.46,-122.43,69.01,12.75
400,labuhan,100,ID,1588465538,85,-6.88,112.21,78.71,6.11
401,arman,100,RU,1588465873,79,59.7,150.17,36.21,29.51
402,de aar,0,ZA,1588465999,25,-30.65,24.01,56.53,4.59
403,liverpool,20,GB,1588465840,87,53.41,-2.98,46.4,2.24
404,asau,15,RO,1588465517,84,46.43,26.4,53.01,4.07
405,port hardy,90,CA,1588465535,87,50.7,-127.42,48.2,8.05
406,bundaberg,35,AU,1588465510,42,-24.85,152.35,70.0,10.29
407,port macquarie,0,AU,1588465561,47,-31.43,152.92,64.0,5.01
408,red bank,1,US,1588466000,37,40.35,-74.06,66.99,5.82
409,hobyo,100,SO,1588466000,72,5.35,48.53,85.57,14.9
410,otradnoye,100,RU,1588465846,57,59.78,30.82,50.0,8.95
411,bilibino,0,RU,1588465524,84,68.05,166.44,30.24,2.68
412,cherskiy,95,RU,1588465527,96,68.75,161.3,33.57,2.62
413,shahrud,100,IR,1588466000,33,36.42,54.98,61.18,8.28
414,severnyy,0,RU,1588465566,66,50.68,36.55,55.4,2.24
415,aklavik,75,CA,1588465851,67,68.22,-135.01,23.0,11.41
416,kodinsk,100,RU,1588466001,83,58.69,99.18,44.64,6.13
417,broken hill,2,AU,1588466001,66,-31.95,141.43,50.0,16.11
418,kasongo,100,CD,1588466001,81,-4.45,26.67,69.66,1.86
419,sabang,63,ID,1588466001,74,5.89,95.32,82.98,12.3
420,seryshevo,2,RU,1588466001,50,51.09,128.38,42.58,14.27
421,torbat-e jam,0,IR,1588466002,48,35.24,60.62,64.83,2.21
422,ostrovnoy,60,RU,1588465568,92,68.05,39.51,27.52,11.45
423,nurota,0,UZ,1588466002,77,40.56,65.69,62.6,9.17
424,tarime,100,TZ,1588465525,64,-1.35,34.37,61.34,3.24
425,margate,15,GB,1588465561,73,51.38,1.39,48.0,1.99
426,khowst,1,AF,1588466002,25,33.38,69.88,73.4,4.7
427,ribeira grande,80,PT,1588465518,62,38.52,-28.7,59.05,9.95
428,eyl,67,SO,1588466003,75,7.98,49.82,84.9,4.92
429,lompoc,1,US,1588465560,68,34.64,-120.46,64.4,20.8
430,victor harbor,99,AU,1588466003,69,-35.57,138.62,57.99,5.35
431,lebanon,1,US,1588465872,44,36.21,-86.29,78.8,9.17
432,pangnirtung,98,CA,1588465537,91,66.15,-65.71,25.65,3.04
433,saint-pierre,1,RE,1588466003,68,-21.34,55.48,71.6,5.82
434,anzio,100,IT,1588466003,92,41.49,12.62,60.01,1.01
435,lucea,20,JM,1588466004,70,18.45,-78.17,84.2,8.05
436,sri aman,75,MY,1588466004,94,1.24,111.46,77.0,3.36
437,adrar,0,MR,1588465515,10,20.5,-10.07,86.63,8.46
438,burns lake,100,CA,1588466004,32,54.23,-125.75,60.58,13.0
439,antofagasta,20,CL,1588465858,77,-23.65,-70.4,60.8,10.29
440,sitka,90,US,1588465523,41,57.05,-135.33,57.2,12.75
441,nizhniy kuranakh,72,RU,1588465573,82,58.84,125.49,30.38,6.55
442,forssa,99,FI,1588466005,94,60.81,23.62,46.0,1.01
443,dekar,0,BW,1588466005,26,-21.53,21.93,59.61,2.55
444,lithgow,0,AU,1588466005,72,-33.48,150.15,46.99,6.49
445,siocon,94,PH,1588466005,60,7.71,122.14,87.01,1.59
446,santa cruz de tenerife,90,ES,1588466005,93,28.47,-16.25,62.01,9.17
447,tazmalt,79,DZ,1588466005,87,36.39,4.4,60.8,6.93
448,canazas,100,PA,1588466006,69,8.32,-81.22,78.6,5.66
449,los llanos de aridane,90,ES,1588465249,72,28.66,-17.92,68.0,4.7
450,riyadh,22,SA,1588465710,16,24.69,46.72,78.8,8.05
451,manado,20,ID,1588465910,70,1.49,124.85,86.0,2.13
452,ames,90,US,1588465939,48,42.03,-93.62,66.2,5.82
453,mackenzie,1,CA,1588466006,25,55.3,-123.17,64.4,10.29
454,klaksvik,87,FO,1588465520,80,62.23,-6.59,39.2,12.75
455,tulsa,1,US,1588465627,54,36.1,-95.9,84.2,11.41
456,hambantota,0,LK,1588466007,82,6.12,81.12,80.76,5.06
457,krasnokholm,0,RU,1588466007,65,51.6,54.16,44.56,10.6
458,menomonie,1,US,1588465802,24,44.88,-91.92,69.01,18.34
459,dabat,100,ET,1588465887,16,12.98,37.77,58.53,2.33
460,hat yai,75,TH,1588466007,100,7.01,100.48,78.8,3.36
461,shimoda,75,JP,1588465848,73,34.67,138.95,71.6,21.92
462,santa cruz cabralia,75,BR,1588465828,83,-16.28,-39.02,78.8,8.05
463,hirara,75,JP,1588466008,88,24.8,125.28,80.6,18.34
464,surt,0,LY,1588466008,57,31.21,16.59,67.21,5.95
465,chengdu,1,CN,1588465869,73,30.67,104.07,80.01,3.15
466,ferme-neuve,100,CA,1588466008,73,46.7,-75.45,49.86,4.32
467,anuradhapura,0,LK,1588466009,90,8.36,80.42,77.77,2.66
468,thinadhoo,100,MV,1588465509,75,0.53,72.93,85.5,15.46
469,ratnagiri,27,IN,1588466009,84,16.98,73.3,81.23,7.76
470,el dorado,1,US,1588466009,54,33.21,-92.67,82.4,8.05
471,zabolotovka,28,RU,1588466009,85,50.27,39.31,53.78,6.82
472,port keats,52,AU,1588466010,31,-14.25,129.55,75.72,13.58
473,roald,100,NO,1588465579,93,62.58,6.13,44.01,3.36
474,tigil,100,RU,1588466010,60,57.8,158.67,43.54,19.8
475,aykhal,93,RU,1588465986,49,66.0,111.5,26.6,4.47
476,chiredzi,0,ZW,1588466010,54,-21.05,31.67,59.88,2.91
477,oum hadjer,0,TD,1588466010,22,13.3,19.7,80.92,1.43
478,chak,13,PK,1588466010,45,27.86,68.83,86.0,3.33
479,sorland,100,NO,1588465503,94,67.67,12.69,37.99,8.88
480,sur,0,OM,1588465885,55,22.57,59.53,85.96,8.43
481,matabungkay,14,PH,1588466011,62,13.95,120.62,88.57,8.43
482,jieshi,18,CN,1588465581,80,22.81,115.83,77.11,9.69
483,nioro,0,GM,1588465837,53,13.35,-15.75,73.72,7.2
484,kurunegala,0,LK,1588466011,88,7.49,80.36,76.21,1.57
485,rundu,0,NA,1588466011,29,-17.93,19.77,59.7,1.61
486,rognan,100,NO,1588466012,81,67.1,15.39,39.0,2.1
487,raga,99,SS,1588466012,63,8.46,25.68,74.07,6.35
488,ribeira brava,40,PT,1588466012,77,32.65,-17.07,66.2,11.41
489,abnub,0,EG,1588466012,29,27.27,31.15,74.12,4.12
490,virden,90,US,1588466012,65,39.5,-89.77,80.01,5.7
491,nigde,94,TR,1588466013,54,37.83,34.75,43.66,4.52
492,mazara del vallo,100,IT,1588466013,88,37.66,12.59,62.6,4.7
493,rio gallegos,90,AR,1588465928,93,-51.62,-69.22,41.0,5.82
494,kununurra,93,AU,1588466013,22,-15.77,128.73,75.2,18.34
495,roma,90,US,1588465739,71,43.21,-75.46,55.4,8.05
496,atherton,98,GB,1588466014,91,53.52,-2.49,44.01,1.32
497,khilok,99,RU,1588466014,35,51.37,110.47,50.14,4.76
498,troitskoye,91,RU,1588466014,52,52.98,84.68,52.07,3.04
499,sao gabriel da cachoeira,100,BR,1588466014,93,-0.13,-67.09,75.33,2.73
500,yulara,0,AU,1588465529,55,-25.24,130.99,60.8,17.22
501,dargaville,100,NZ,1588466014,91,-35.93,173.88,64.47,13.31
502,vila franca do campo,20,PT,1588465577,82,37.72,-25.43,55.4,4.7
503,xam nua,51,LA,1588466015,45,20.42,104.04,79.39,1.97
504,keti bandar,0,PK,1588466015,85,24.14,67.45,81.34,15.39
505,road town,4,VG,1588465824,86,18.42,-64.62,80.01,13.06
506,dengzhou,4,CN,1588466015,73,37.81,120.75,65.53,9.22
507,mabaruma,4,GY,1588466015,94,8.2,-59.78,76.1,4.47
508,khudumelapye,0,BW,1588466015,37,-23.88,24.75,58.77,3.74
509,karratha,0,AU,1588465616,26,-20.74,116.85,73.58,19.91
510,fukuma,75,JP,1588466016,93,33.77,130.47,66.0,12.75
511,avanigadda,0,IN,1588466016,79,16.02,80.92,84.13,6.55
512,bose,60,IT,1588466016,45,45.46,8.01,60.01,6.89
513,kolosovka,100,RU,1588466016,75,56.47,73.61,44.42,11.79
514,andreapol,93,RU,1588466016,89,56.65,32.27,47.32,10.16
515,doha,74,QA,1588466017,62,25.29,51.53,86.0,8.05
516,vestmanna,80,FO,1588465553,80,62.16,-7.17,39.2,12.75
517,tazovskiy,100,RU,1588465849,98,67.47,78.7,26.4,7.74
518,severomuysk,100,RU,1588466017,56,56.15,113.43,26.67,3.98
519,carballo,99,ES,1588466017,80,43.21,-8.69,57.99,7.0
520,okhotsk,100,RU,1588465865,93,59.38,143.3,35.04,22.1
521,vao,4,NC,1588465539,85,-22.67,167.48,76.51,15.01
522,lexington,1,US,1588465800,53,37.99,-84.48,75.0,11.41
523,lubango,0,AO,1588466018,34,-14.92,13.49,59.5,4.61
524,kurilsk,100,RU,1588466018,68,45.23,147.88,51.28,8.84
525,la puebla del rio,88,ES,1588466018,73,37.27,-6.06,72.0,5.06
526,malanje,97,AO,1588466018,61,-9.54,16.34,65.86,2.35
527,quelimane,46,MZ,1588466018,88,-17.88,36.89,73.4,2.24
528,virginia beach,20,US,1588465403,44,36.85,-75.98,61.0,5.82
529,fortuna,90,US,1588465532,87,40.6,-124.16,57.0,4.7
530,puerto baquerizo moreno,75,EC,1588466019,83,-0.9,-89.6,78.8,5.82
531,dunedin,48,NZ,1588465553,59,-45.87,170.5,60.57,5.46
532,gualeguay,0,AR,1588466019,91,-33.14,-59.31,53.74,6.46
533,maningrida,97,AU,1588466019,54,-12.07,134.27,82.44,16.37
534,omboue,100,GA,1588466019,91,-1.57,9.26,78.94,7.65
535,gornyy,92,RU,1588466020,68,55.12,83.91,47.21,13.06
536,celestun,100,MX,1588466020,80,20.87,-90.4,80.65,17.47
537,nova olimpia,95,BR,1588465893,67,-14.8,-57.29,72.48,0.29
538,nizhniy tsasuchey,14,RU,1588466021,27,50.52,115.13,53.33,4.18
539,awash,77,ET,1588466021,46,8.98,40.17,74.91,3.49
540,tecoanapa,0,MX,1588465575,56,16.52,-98.75,85.37,7.72
541,nuuk,100,GL,1588466021,95,64.18,-51.72,39.2,29.97
542,colombia,100,CU,1588465780,68,20.99,-77.43,79.5,11.88
543,ylivieska,100,FI,1588466021,87,64.08,24.55,44.01,6.15
